metric,control,treatment,uplift
retention_7,0.19020134228187918,0.18200004396667327,-0.008201298315205913
retention_1,0.4481879194630872,0.44228274967574577,-0.005905169787341458
avg_gamerounds,52.45626398210291,51.29877552814966,-1.157488453953249
